ancak	fakat
ayrıca	bunun yanında
çünkü	zira
bu nedenle	bu yüzden
örneğin	mesela
sonuç olarak	neticede
ilk olarak	öncelikle
son olarak	nihayet
önemli	kritik
sorun	problem
çözüm	yöntem
araştırma	inceleme
sonuç	bulgu
geliştirmek	iyileştirmek
kullanmak	faydalanmak
sağlamak	temin etmek
yapmak	gerçekleştirmek
almak	elde etmek
vermek	sunmak
göstermek	ortaya koymak
artırmak	yükseltmek
azaltmak	düşürmek
oluşturmak	meydana getirmek
iyi	etkili
kötü	yetersiz
büyük	kapsamlı
küçük	sınırlı
hızlı	süratli
kolay	pratik
zor	karmaşık
açıklama	beyanat
problem	sorun
sebep	neden
detay	ayrıntı
özellik	nitelik
durum	vaziyet
imkan	olanak
zorluk	güçlük
amaç	hedef
yasa	kanun
karar	hüküm
destek	yardım
lider	önder
fayda	yarar
zarar	ziyan
araç	vasıta
görev	vazife
zaman	vakit
gelecek	istikbal
hayat	yaşam
önem	ehemmiyet
uyarı	ikaz
başarı	muvaffakiyet
olay	hadise
şüphe	kuşku
yöntem	metot
kural	kaide
örnek	misal
cevap	yanıt
soru	sual
belge	vesika
isim	ad
ihtiyaç	gereksinim
teklif	öneri
ihtimal	olasılık
değer	kıymet
hatıra	anı
fikir	düşünce
yetenek	kabiliyet
sonuçta	neticede
genellikle	çoğunlukla
özellikle	bilhassa
mutlaka	muhakkak
sürekli	devamlı
hemen	derhal
yani	özetle
başlangıç	ilk aşama
bitiş	sonlanma
gelişim	ilerleme
değişim	dönüşüm
artış	yükseliş
azalış	düşüş
etki	tesir
tepki	reaksiyon
ilişki	bağlantı
bağlantı	irtibat
sistem	düzen
yapı	strüktür
plan	taslak
program	çizelge
süreç	işleyiş
aşama	evre
adım	safha
sebep olmak	yol açmak
elde etmek	kazanmak
sunmak	takdim etmek
kullanım	istifade
incelemek	tahlil etmek
araştırmak	incelemek
belirtmek	ifade etmek
açıklamak	izah etmek
arttırmak	çoğaltmak
iyileştirmek	düzeltmek
bozmak	tahrip etmek
korumak	muhafaza etmek
önlemek	engellemek
başlamak	başlatmak
bitirmek	tamamlamak
yapılmak	gerçekleşmek
görülmek	müşahede edilmek
sağlanmak	temin edilmek
oluşmak	meydana gelmek
gerekmek	lüzumlu olmak
olabilir	muhtemel
kesin	katı
yaklaşık	tahmini
doğru	isabetli
yanlış	hatalı
açık	net
kapalı	belirsiz
yüksek	fazla
düşük	az
öncelik	önem sırası
gereklilik	zorunluluk
zorunlu	mecburi
istek	talep
görüş	fikir
yorum	değerlendirme
analiz	tahlil
veri	malzeme
bilgi	malumat
kaynak	referans
kapsam	içerik
içerik	muhteva
başlık	manşet
metin	yazı
paragraf	bölüm
ifade	ibare
anlam	mana
kapsamak	içermek
içermek	barındırmak
tasarlamak	kurgulamak
üretmek	imal etmek
dağıtmak	yaymak
yaymak	neşretmek
yayınlamak	neşretmek
paylaşmak	iletmek
iletmek	aktarmak
değerlendirmek	ele almak
kontrol etmek	denetlemek
yönetmek	idare etmek
yönlendirmek	sevk etmek
gelişmek	ilerlemek
büyümek	genişlemek
küçülmek	daralmak
hızlanmak	süratlenmek
yavaşlamak	gerilemek
katkı sağlamak	destek olmak
fark yaratmak	ayrışmak
öne çıkmak	temayüz etmek
geri kalmak	geride kalmak
öne almak	öncelik vermek
dikkat çekmek	ilgi uyandırmak
önem vermek	ehemmiyet atfetmek
kabul etmek	onaylamak
reddetmek	geri çevirmek
uygulamak	icra etmek
başvurmak	müracaat etmek
kullanılmak	tercih edilmek
arttırılmak	yükseltilmek
azaltılmak	düşürülmek
belirlemek	tayin etmek
tanımlamak	tarif etmek
açıklığa kavuşturmak	netleştirmek
sonuçlandırmak	neticelendirmek
devam etmek	sürdürmek
son vermek	nihayetlendirmek
başarı sağlamak	muvaffak olmak
etki yaratmak	tesir oluşturmak
ön plana çıkmak	öne çıkmak
arka planda kalmak	göz ardı edilmek
netleştirmek	açıklığa kavuşturmak
güvenlik	emniyet
hız	sürat
performans	başarım
verimlilik	etkinlik
kalite	nitelik
standart	ölçüt
politika	ilke
strateji	yol haritası
taktik	yöntem
uyum	ahenk
risk	tehlike
fırsat	imkan
rekabet	yarış
pazar	piyasa
müşteri	kullanıcı
ürün	mamul
hizmet	servis
marka	etiket
itibar	saygınlık
iletişim	irtibat
erişim	ulaşım
erişilebilirlik	ulaşılabilirlik
kullanıcı deneyimi	deneyim kalitesi
arayüz	ön yüz
altyapı	temel yapı
entegrasyon	bütünleşme
otomasyon	otomatikleşme
ölçüm	değerlendirme
raporlama	bildirim
izleme	takip
denetim	kontrol
geri bildirim	dönüt
iyileştirme	geliştirme
optimizasyon	eniyileme
uygulama	icra
dağıtım	yayılım
lansman	tanıtım
planlama	tasarlama
organizasyon	düzenleme
koordinasyon	eşgüdüm
zamanlama	vakitleme
önceliklendirme	sıralama
kaynak tahsisi	kaynak ayırma
bütçe	harcama planı
maliyet	gider
gelir	kazanç
kâr	getiri
tasarruf	birikim
yatırım	değerleme
getiri	geri dönüş
nakit	para akışı
borç	yükümlülük
alacak	hak ediş
sözleşme	mukavele
anlaşma	uzlaşma
şartname	koşul listesi
teklif verme	fiyat sunma
değerlendirme puanı	puanlama
onay süreci	kabul süreci
ret kararı	geri çevirme
teslimat	sevkiyat
lojistik	taşımacılık
depolama	stoklama
stok	envanter
envanter sayımı	stok sayımı
satın alma	temin
tedarik	sağlama
tedarikçi	sağlayıcı
üretim	imalat
kalite kontrol	kalite denetimi
test sınaması	deneme
doğrulama	teyit
belgelendirme	sertifikasyon
uyumluluk	uyum
standartlaşma	standart oluşturma
bakım	idame
onarım	tamir
arıza	bozukluk
kesinti	aksama
performans düşüşü	gerileme
iyileştirme planı	gelişim planı
aksiyon planı	eylem planı
yol haritası	izlek
hedef kitle	odak kitle
segmentasyon	bölümlendirme
konumlandırma	yerleştirme
mesaj	ileti
içerik üretimi	içerik oluşturma
dağıtım kanalı	yayın kanalı
erişim oranı	ulaşım oranı
etkileşim	etkileşim oranı
dönüşüm	geri dönüşüm
tıklama	etkileşim
gösterim	izlenim
trafik	ziyaret
analitik	çözümleme
içgörü	kavrayış
öngörü	tahmin
tahminleme	öngörme
modelleme	kurgulama
simülasyon	benzetim
senaryo	kurgusal durum
risk analizi	tehlike analizi
önlem paketi	koruma paketi
acil durum planı	ivedi plan
kriz yönetimi	bunalım yönetimi
iletişim planı	irtibat planı
saha çalışması	arazi çalışması
masa başı çalışması	ofis çalışması
veri toplama	bilgi derleme
veri temizleme	bilgi arındırma
veri işleme	bilgi işleme
veri depolama	bilgi saklama
veri güvenliği	bilgi güvenliği
erişim kontrolü	ulaşım denetimi
kimlik doğrulama	kimlik teyidi
yetkilendirme	izin verme
şifreleme	kodlama
gizlilik	mahremiyet
kayıt	log
günlük kayıt	kayıt defteri
sürüm versiyon	sürüm
yükseltme	güncelleme
bakım penceresi	bakım zamanı
kesinti süresi	aksama süresi
hata kusur	ayıp
düzeltme	iyileştirme
yama düzeltmesi	yama
dağıtım yayını	yayın
sürüm notları	değişiklik notları
artış oranı	yükseliş oranı
azalma oranı	düşüş oranı
performans artışı	verim artışı
etkinlik düzeyi	verimlilik seviyesi
uygulama alanı	kullanım alanı
kapsam genişliği	içerik kapsamı
kapsam daralması	alan daralması
veri seti	bilgi kümesi
veri kaynağı	bilgi kaynağı
veri doğruluğu	bilgi doğruluğu
veri güvenilirliği	bilgi güvenilirliği
erişim süresi	ulaşım süresi
yanıt süresi	tepki süresi
iş yükü	görev yoğunluğu
kaynak kullanımı	kaynak tüketimi
kaynak planı	kaynak düzeni
zaman yönetimi	vakit idaresi
öncelik sırası	önem sırası
iş planı	görev planı
görev dağılımı	iş bölümü
iş akışı	çalışma akışı
iş takibi	süreç takibi
süreç yönetimi	işleyiş yönetimi
süreç iyileştirme	işleyiş geliştirme
süreç analizi	işleyiş analizi
süreç kontrolü	işleyiş denetimi
risk yönetimi	tehlike yönetimi
risk değerlendirme	tehlike analizi
risk azaltma	tehlike azaltma
fırsat analizi	imkan analizi
fırsat değerlendirme	imkan değerlendirme
karar verme	hüküm oluşturma
karar süreci	hüküm süreci
karar aşaması	hüküm aşaması
sonuç değerlendirme	netice değerlendirme
sonuç analizi	netice analizi
geri bildirim süreci	dönüt süreci
geri bildirim toplama	dönüt toplama
kullanıcı geri bildirimi	kullanıcı dönütü
kullanıcı davranışı	kullanıcı hareketi
kullanıcı etkileşimi	kullanıcı iletişimi
kullanıcı memnuniyeti	kullanıcı tatmini
müşteri deneyimi	kullanıcı deneyimi
müşteri beklentisi	kullanıcı beklentisi
ürün geliştirme	mamul geliştirme
ürün iyileştirme	mamul iyileştirme
ürün tasarımı	mamul tasarımı
hizmet kalitesi	servis kalitesi
hizmet sunumu	servis sunumu
hizmet süreci	servis süreci
pazar analizi	piyasa analizi
pazar araştırması	piyasa araştırması
rekabet analizi	yarış analizi
rekabet avantajı	yarış üstünlüğü
marka değeri	etiket değeri
marka bilinirliği	etiket bilinirliği
itibar yönetimi	saygınlık yönetimi
iletişim stratejisi	irtibat stratejisi
mesaj iletimi	ileti aktarımı
içerik stratejisi	içerik planı
içerik dağıtımı	içerik yayılımı
yayın planı	yayın takvimi
yayın süreci	yayın akışı
görsel içerik	grafik içerik
metin düzenleme	yazı düzenleme
metin analizi	yazı analizi
başlık seçimi	manşet seçimi
başlık düzeni	manşet düzeni
paragraf yapısı	bölüm yapısı
cümle yapısı	ifade yapısı
anlam bütünlüğü	mana bütünlüğü
anlam kayması	mana kayması
ifade bozukluğu	anlatım hatası
dil kullanımı	ifade kullanımı
üslup tarz	anlatım tarzı
yazım düzeni	imla düzeni
yazım hatası	imla hatası
noktalama işareti	imla işareti
dil bilgisi kuralı	gramer kuralı
metin akışı	yazı akışı
okunabilirlik	dokunulabilirlik
anlaşılabilirlik	kavranabilirlik
netlik	açıklık
belirsizlik	muğlaklık
karmaşıklık	karışıklık
basitlik	sadelik
etkililik	etki gücü
uyumsuzluk	uyumsuzluk hali
geçerlilik	geçerlik
güvenilirlik	itimat
onaylama	kabul
reddetme	inkar
kabul süreci	onay süreci
ret süreci	geri çevirme süreci
başlangıç noktası	ilk nokta
bitiş noktası	son nokta
ilerleme süreci	gelişim süreci
gerileme süreci	düşüş süreci
hızlı gelişim	süratli ilerleme
yavaş gelişim	durgun ilerleme
ani değişim	hızlı dönüşüm
kademeli değişim	aşamalı dönüşüm
planlı hareket	düzenli hareket
plansız hareket	düzensiz hareket
kontrol mekanizması	denetim mekanizması
denetim süreci	kontrol süreci
izleme süreci	takip süreci
rapor hazırlama	bildirim oluşturma
rapor sunma	bildirim sunma
veri raporu	bilgi raporu
analiz raporu	tahlil raporu
sonuç raporu	netice raporu
değerlendirme raporu	inceleme raporu
performans raporu	başarım raporu
ölçüm sonucu	değerlendirme sonucu
ölçüm yöntemi	değerlendirme yöntemi
ölçüm aracı	değerlendirme aracı
test sonucu	deneme sonucu
test süreci	deneme süreci
deney sonucu	tecrübe sonucu
deney süreci	tecrübe süreci
kontrol listesi	denetim listesi
iş listesi	görev listesi
yapılacaklar listesi	görev planı
değerleme uzmanları	yatırım uzmanları
finans uzmanları	mali uzmanlar
ekonomi uzmanları	iktisat uzmanları
piyasa analistleri	piyasa uzmanları
risk uzmanları	risk analistleri
portföy yöneticileri	varlık yöneticileri
sermaye piyasası uzmanları	borsa uzmanları
muhasebe uzmanları	mali müşavirler
denetim uzmanları	teftiş uzmanları
kredi uzmanları	finansman uzmanları
bankacılık uzmanları	banka uzmanları
sigorta uzmanları	risk sigorta uzmanları
vergi uzmanları	maliye uzmanları
iş geliştirme uzmanları	büyüme uzmanları
strateji uzmanları	planlama uzmanları
yatırım danışmanları	finans danışmanları
mali danışmanlar	finansal danışmanlar
portföy danışmanları	yatırım danışmanları
ekonomik danışmanlar	finans danışmanları
analiz uzmanları	tahlil uzmanları
araştırma uzmanları	inceleme uzmanları
veri analistleri	bilgi analistleri
iş analistleri	süreç analistleri
sistem analistleri	altyapı analistleri
yazılım uzmanları	uygulama geliştiriciler
teknoloji uzmanları	bilişim uzmanları
altyapı uzmanları	sistem uzmanları
güvenlik uzmanları	emniyet uzmanları
siber güvenlik uzmanları	bilgi güvenliği uzmanları
ağ uzmanları	network uzmanları
destek uzmanları	teknik destek uzmanları
operasyon uzmanları	işletme uzmanları
proje yöneticileri	proje liderleri
ürün yöneticileri	mamul yöneticileri
ürün uzmanları	mamul uzmanları
pazarlama uzmanları	marketing uzmanları
dijital pazarlama uzmanları	online pazarlama uzmanları
marka yöneticileri	marka sorumluları
reklam uzmanları	tanıtım uzmanları
iletişim uzmanları	irtibat uzmanları
medya uzmanları	basın uzmanları
sosyal medya uzmanları	sosyal platform uzmanları
içerik uzmanları	içerik üreticileri
editörler	yazı işleri uzmanları
tasarım uzmanları	grafik uzmanları
UX uzmanları	kullanıcı deneyimi uzmanları
UI uzmanları	arayüz uzmanları
müşteri temsilcileri	müşteri danışmanları
müşteri ilişkileri uzmanları	müşteri yönetimi uzmanları
insan kaynakları uzmanları	personel uzmanları
eğitim uzmanları	öğretim uzmanları
kalite uzmanları	standart uzmanları
üretim uzmanları	imalat uzmanları
lojistik uzmanları	taşımacılık uzmanları
tedarik uzmanları	sağlama uzmanları
satın alma uzmanları	temin uzmanları
satış uzmanları	satış temsilcileri
perakende uzmanları	mağaza uzmanları
operasyon yöneticileri	işletme yöneticileri
saha uzmanları	arazi uzmanları
teknik uzmanlar	mühendislik uzmanları
mühendisler	teknik uzmanlar
uzman ekip	profesyonel ekip
deneyimli uzmanlar	tecrübeli uzmanlar
kıdemli uzmanlar	üst düzey uzmanlar
genç uzmanlar	yeni uzmanlar
alan uzmanları	konu uzmanları
sektör uzmanları	piyasa uzmanları
bağımsız uzmanlar	harici uzmanlar
danışman ekip	danışman kadro
profesyoneller	uzman kişiler
yetkili kişiler	sorumlu kişiler
karar vericiler	yetkili makamlar
yönetim kadrosu	idari kadro
üst yönetim	üst kademe
orta kademe yönetim	ara yönetim
alt kademe yönetim	operasyon yönetimi
boyacı	badanacı ustası
boyacı ustası	boya ustası
duvar boyacısı	iç cephe boya ustası
dış cephe boyacısı	dış cephe boya ustası
badanacı	boya ustası
boya işçisi	boya elemanı
boya ustası	renk ustası
dekoratif boyacı	dekor boya ustası
iç cephe ustası	iç mekan boya ustası
dış cephe ustası	dış mekan boya ustası
badana ustası	boya ustası
boya uygulayıcısı	boya operatörü
boya teknisyeni	boya uygulama uzmanı
boya zanaatkârı	boya ustası
boya işleri ustası	boya uzmanı
boya kaplama ustası	kaplama ustası
vernik ustası	vernik uygulayıcısı
cilacı	cila ustası
cila ustası	parlatma ustası
yüzey hazırlama ustası	zımpara ustası
zımparacı	yüzey düzeltme ustası
astar ustası	alt kaplama ustası
renk uygulama ustası	renk uzmanı
dekor ustası	iç dekorasyon ustası
inşaat boyacısı	yapı boyacısı
şantiye boyacısı	saha boyacısı
usta	zanaatkâr
usta eleman	kalifiye eleman
kalfa	yardımcı usta
çırak	usta yardımcısı
boya ekibi	boya takımı
boya firması	boya hizmeti
boya hizmeti	boya uygulama hizmeti
boya işi	boya uygulaması
boya işlemi	boya süreci
boya kaplama	boya uygulaması
boya hizmetleri	boya işleri
marangoz	ahşap ustası
demirci	metal ustası
kaynakçı	kaynak ustası
elektrikçi	elektrik teknisyeni
tesisatçı	sıhhi tesisat ustası
ustabaşı	saha sorumlusu
inşaat işçisi	yapı işçisi
operatör	makine operatörü
şoför	sürücü
kamyoncu	nakliye sürücüsü
taksici	taksi sürücüsü
kurye	dağıtım elemanı
garson	servis personeli
aşçı	mutfak ustası
şef	baş aşçı
temizlikçi	hijyen personeli
güvenlikçi	güvenlik görevlisi
bekçi	koruma görevlisi
çiftçi	tarım üreticisi
hayvancı	hayvancılık işletmecisi
balıkçı	su ürünleri avcısı
manav	sebze meyve satıcısı
kasap	et ustası
fırıncı	unlu mamuller ustası
berber	erkek kuaförü
kuaför	saç tasarım uzmanı
makyajcı	makyaj uzmanı
terzi	giyim ustası
modacı	moda tasarımcısı
esnaf	ticaret erbabı
satıcı	satış temsilcisi
pazarlamacı	satış uzmanı
reklamcı	tanıtım uzmanı
gazeteci	basın mensubu
muhabir	haber muhabiri
editör	içerik editörü
yazar	içerik üreticisi
öğretmen	eğitimci
hoca	öğretim görevlisi
akademisyen	bilim insanı
doktor	hekim
hemşire	sağlık personeli
ebe	doğum uzmanı
eczacı	farmakoloji uzmanı
psikolog	davranış uzmanı
avukat	hukuk danışmanı
hakim	yargı mensubu
savcı	kamu savcısı
polis	emniyet görevlisi
asker	görevli personel
memur	kamu görevlisi
müdür	yönetici
yönetici	idari sorumlu
sekreter	idari asistan
asistan	yardımcı personel
mühendis	teknik uzman
mimar	yapı tasarımcısı
yazılımcı	yazılım geliştirici
programcı	uygulama geliştirici
tasarımcı	grafik tasarım uzmanı
fotoğrafçı	görsel sanat uzmanı
kameraman	video çekim uzmanı
montajcı	video düzenleme uzmanı
oyuncu	sahne sanatçısı
sanatçı	görsel sanat üreticisi
müzisyen	müzik icracısı
şarkıcı	ses sanatçısı
sporcu	atlet
antrenör	eğitmen
hakem	müsabaka yöneticisi
teknisyen	teknik personel
işveren	işletme sahibi
patron	firma sahibi
girişimci	iş kurucu
yatırımcı	sermaye sahibi
danışman	uzman danışman
analist	veri analisti
uzman	alan uzmanı
personel	çalışan
eleman	görevli kişi
